{"main":"indian-flights-api.raml","name":"Indian Flights API","classifier":"raml","tags":[],"dependencies":[{"groupId":"68ef9520-24e9-4cf2-b2f5-620025690913","assetId":"training-american-flight-data-type","version":"1.0.1"},{"groupId":"68ef9520-24e9-4cf2-b2f5-620025690913","assetId":"training-american-flights-example","version":"1.0.1"}],"groupId":"5764d053-3b9d-4ad9-9eb7-a3042073435a","assetId":"indian-flights-api","version":"1.0.1","apiVersion":"v1","originalFormatVersion":"1.0","metadata":{"projectId":"f442dd97-c2d3-4259-a43d-ce688b8f9335","branchId":"master","commitId":"7dcbaa545f384a0a669f5ba9e8a42e627605914d"}}